# CMUdict 74790861f652b15e4ac49015a90074ad62a27690 | en-US | word TAB original ARPAbet
a	AH0
approach	AH0 P R OW1 CH
complete	K AH0 M P L IY1 T
design	D IH0 Z AY1 N
expression	IH0 K S P R EH1 SH AH0 N
further	F ER1 DH ER0
hello	HH AH0 L OW1
improve	IH2 M P R UW1 V
input	IH1 N P UH2 T
language	L AE1 NG G W AH0 JH
learn	L ER1 N
method	M EH1 TH AH0 D
natural	N AE1 CH ER0 AH0 L
oil	OY1 L
optimization	AA0 P T AH0 M AH0 Z EY1 SH AH0 N
optimize	AA1 P T AH0 M AY2 Z
painting	P EY1 N T IH0 NG
plan	P L AE1 N
problem	P R AA1 B L AH0 M
refine	R AH0 F AY1 N
solve	S AA1 L V
test	T EH1 S T
thank	TH AE1 NG K
work	W ER1 K
you	Y UW1
