# English TAB Chinese mapping TAB POS TAB own Chinese gloss TAB own English gloss; OWN / PROTOTYPE_ONLY
optimize	优化	v.	优化；使更有效	Make something work as effectively as possible.
improve	改进	v.	改进；改善	Make something better.
refine	优化	v.	改进；完善；精炼	Improve the details or remove unwanted parts.
oil painting	油画	n. phrase	油画	A picture made using oil-based paint.
optimization plan	优化方案	n. phrase	优化方案	A plan for making something more effective.
optimization method	优化方法	n. phrase	优化方法	A method for making something more effective.
further improve	继续优化	v. phrase	进一步改进	Make something better still.
learn	学习	v.	学习	Gain knowledge or a skill.
work	工作	v. / n.	工作	Do a job; the job or activity itself.
plan	方案	n. / v.	计划；方案；规划	An intended course of action; decide what to do.
approach	方案	n. / v.	方法；途径；接近	A way of dealing with something; move closer.
design	设计	n. / v.	设计	Plan the form or function of something.
complete	完成	v. / adj.	完成；完整的	Finish something; having all its parts.
problem	问题	n.	问题；困难	Something that needs an answer or solution.
hello	你好	interj.	你好	A greeting.
thank you	谢谢	phrase	谢谢	An expression of gratitude.
input	输入	n. / v.	输入	Information entered into a system; enter information.
language	语言	n.	语言	A system of words used to communicate.
test	测试	n. / v.	测试	A check of how something works; carry out that check.
natural expression	自然表达	n. phrase	自然表达	A way of saying something that sounds natural.
learn a language	学习语言	v. phrase	学习一门语言	Develop the ability to use a language.
solve a problem	解决问题	v. phrase	解决一个问题	Find an answer or solution to a problem.
further	进一步	adv. / adj.	进一步；更远	To a greater degree or distance.
optimization	优化	n.	优化	The process of making something more effective.
method	方法	n.	方法	A way of doing something.
natural	自然的	adj.	自然的	Ordinary and unforced; occurring in nature.
expression	表达	n.	表达；说法	The act of communicating a thought; a way of saying it.
oil	油	n.	油	A liquid used as a fuel or other material.
painting	画作	n.	画作；绘画	A picture made with paint; the activity of making it.
solve	解决	v.	解决	Find an answer to something.
